-- MySQL dump 10.13  Distrib 5.7.22, for Linux (x86_64)
--
-- Host: localhost    Database: mininet
-- ------------------------------------------------------
-- Server version	5.7.22-0ubuntu18.04.1

/*!40101 SET @OLD_CHARACTER_SET_CLIENT=@@CHARACTER_SET_CLIENT */;
/*!40101 SET @OLD_CHARACTER_SET_RESULTS=@@CHARACTER_SET_RESULTS */;
/*!40101 SET @OLD_COLLATION_CONNECTION=@@COLLATION_CONNECTION */;
/*!40101 SET NAMES utf8 */;
/*!40103 SET @OLD_TIME_ZONE=@@TIME_ZONE */;
/*!40103 SET TIME_ZONE='+00:00' */;
/*!40014 SET @OLD_UNIQUE_CHECKS=@@UNIQUE_CHECKS, UNIQUE_CHECKS=0 */;
/*!40014 SET @OLD_FOREIGN_KEY_CHECKS=@@FOREIGN_KEY_CHECKS, FOREIGN_KEY_CHECKS=0 */;
/*!40101 SET @OLD_SQL_MODE=@@SQL_MODE, SQL_MODE='NO_AUTO_VALUE_ON_ZERO' */;
/*!40111 SET @OLD_SQL_NOTES=@@SQL_NOTES, SQL_NOTES=0 */;

--
-- Table structure for table `dispositivo`
--

DROP TABLE IF EXISTS `dispositivo`;
/*!40101 SET @saved_cs_client     = @@character_set_client */;
/*!40101 SET character_set_client = utf8 */;
CREATE TABLE `dispositivo` (
  `id_dispositivo` bigint(20) unsigned NOT NULL AUTO_INCREMENT,
  `id_usuario` bigint(20) unsigned NOT NULL,
  `mac` varchar(45) NOT NULL,
  PRIMARY KEY (`id_dispositivo`,`id_usuario`,`mac`),
  UNIQUE KEY `id_dispositivo` (`id_dispositivo`),
  KEY `id_usuario` (`id_usuario`),
  CONSTRAINT `dispositivo_ibfk_1` FOREIGN KEY (`id_usuario`) REFERENCES `usuario` (`id`)
) ENGINE=InnoDB AUTO_INCREMENT=413 DEFAULT CHARSET=latin1;
/*!40101 SET character_set_client = @saved_cs_client */;

--
-- Dumping data for table `dispositivo`
--

LOCK TABLES `dispositivo` WRITE;
/*!40000 ALTER TABLE `dispositivo` DISABLE KEYS */;
INSERT INTO `dispositivo` VALUES (409,1,'00:00:00:00:00:04'),(410,1,'00:00:00:00:00:03'),(411,1,'00:00:00:00:00:02'),(412,2,'00:00:00:00:00:01');
/*!40000 ALTER TABLE `dispositivo` ENABLE KEYS */;
UNLOCK TABLES;

--
-- Table structure for table `horario`
--

DROP TABLE IF EXISTS `horario`;
/*!40101 SET @saved_cs_client     = @@character_set_client */;
/*!40101 SET character_set_client = utf8 */;
CREATE TABLE `horario` (
  `id_horario` bigint(20) unsigned NOT NULL AUTO_INCREMENT,
  `id_usuario` bigint(20) unsigned NOT NULL,
  `dom` tinyint(1) DEFAULT NULL,
  `seg` tinyint(1) DEFAULT NULL,
  `ter` tinyint(1) DEFAULT NULL,
  `qua` tinyint(1) DEFAULT NULL,
  `qui` tinyint(1) DEFAULT NULL,
  `sex` tinyint(1) DEFAULT NULL,
  `sab` tinyint(1) DEFAULT NULL,
  PRIMARY KEY (`id_horario`,`id_usuario`),
  UNIQUE KEY `id_horario` (`id_horario`),
  KEY `id_usuario` (`id_usuario`),
  CONSTRAINT `horario_ibfk_1` FOREIGN KEY (`id_usuario`) REFERENCES `usuario` (`id`)
) ENGINE=InnoDB AUTO_INCREMENT=25 DEFAULT CHARSET=latin1;
/*!40101 SET character_set_client = @saved_cs_client */;

--
-- Dumping data for table `horario`
--

LOCK TABLES `horario` WRITE;
/*!40000 ALTER TABLE `horario` DISABLE KEYS */;
INSERT INTO `horario` VALUES (1,1,1,1,1,1,1,1,1),(18,2,1,1,1,1,1,1,1),(19,3,1,1,1,1,1,1,1),(20,4,0,0,0,1,1,1,1),(21,5,0,0,0,0,1,1,1),(22,1000,1,1,1,0,0,0,0),(23,1001,1,1,1,1,1,1,1),(24,1002,1,1,1,1,1,1,1);
/*!40000 ALTER TABLE `horario` ENABLE KEYS */;
UNLOCK TABLES;

--
-- Table structure for table `usuario`
--

DROP TABLE IF EXISTS `usuario`;
/*!40101 SET @saved_cs_client     = @@character_set_client */;
/*!40101 SET character_set_client = utf8 */;
CREATE TABLE `usuario` (
  `id` bigint(20) unsigned NOT NULL AUTO_INCREMENT,
  `nome` varchar(45) DEFAULT NULL,
  PRIMARY KEY (`id`),
  UNIQUE KEY `id` (`id`)
) ENGINE=InnoDB AUTO_INCREMENT=1003 DEFAULT CHARSET=latin1;
/*!40101 SET character_set_client = @saved_cs_client */;

--
-- Dumping data for table `usuario`
--

LOCK TABLES `usuario` WRITE;
/*!40000 ALTER TABLE `usuario` DISABLE KEYS */;
INSERT INTO `usuario` VALUES (1,'Usuário Padrao'),(2,'Usuário 1'),(3,'Usuário 2'),(4,'Usuário 3'),(5,'Usuário 4'),(1000,'Wellington'),(1001,'Inacio'),(1002,'Christiano');
/*!40000 ALTER TABLE `usuario` ENABLE KEYS */;
UNLOCK TABLES;
/*!40103 SET TIME_ZONE=@OLD_TIME_ZONE */;

/*!40101 SET SQL_MODE=@OLD_SQL_MODE */;
/*!40014 SET FOREIGN_KEY_CHECKS=@OLD_FOREIGN_KEY_CHECKS */;
/*!40014 SET UNIQUE_CHECKS=@OLD_UNIQUE_CHECKS */;
/*!40101 SET CHARACTER_SET_CLIENT=@OLD_CHARACTER_SET_CLIENT */;
/*!40101 SET CHARACTER_SET_RESULTS=@OLD_CHARACTER_SET_RESULTS */;
/*!40101 SET COLLATION_CONNECTION=@OLD_COLLATION_CONNECTION */;
/*!40111 SET SQL_NOTES=@OLD_SQL_NOTES */;

-- Dump completed on 2018-07-09 10:24:07
